symbol,name,ask ($),bid ($),52 week low ($),52 week high ($),market cap (billion $),p/e ratio,average daily volume
"MMM","3M Company Common",96.00,66.12,68.63,98.19,56.068,13.66,4976110
"ACE","Ace Limited Commo",70.36,64.43,56.90,73.76,23.328,12.64,2513830
"ABT","Abbott Laboratori",55.48,55.45,45.07,55.61,86.364,18.92,8819710
"ANF","Abercrombie & Fit",49.00,47.34,44.22,78.25,4.173,21.65,3068980
"ADBE","Adobe Systems Inc",30.10,0.00,22.67,35.99,13.730,15.58,6888080
"AMD","Advanced Micro De",5.08,5.07,4.31,9.58,3.540,3.69,20485600
"AES","The AES Corporati",12.16,10.87,9.00,13.50,8.896,,6522610
"AET","Aetna Inc. Common",42.42,39.15,30.35,46.01,15.238,8.86,4244130
"AFL","AFLAC Incorporate",42.00,40.75,31.25,59.54,19.474,10.37,4722230
"A","Agilent Technolog",35.50,33.25,28.67,55.33,11.923,12.13,4572940
"APD","Air Products and ",87.00,79.05,72.26,98.00,17.738,15.06,1284510
"ARG","Airgas, Inc. Comm",80.68,77.66,58.00,79.19,5.960,23.80,699917
"AKS","AK Steel Holding ",8.05,7.75,5.51,17.88,0.8910,,9669180
"AKAM","Akamai Technologi",27.81,20.05,18.25,52.72,4.785,27.26,4845480
"AA","Alcoa Inc. Common",8.85,8.83,8.45,18.47,9.419,9.32,35940000
"ATI","Allegheny Technol",47.52,44.22,30.79,73.53,4.875,24.28,2420610
"AGN","Allergan, Inc. Co",101.92,82.02,68.03,89.25,26.526,29.63,1907310
"ALL","Allstate Corporat",27.20,26.00,22.27,34.40,13.720,39.43,5236130
"ALTR","Altera Corporatio",36.70,0.00,30.39,49.59,11.455,13.88,5474850
"MO","Altria Group, Inc",30.55,29.63,23.20,30.40,62.257,17.87,14368400
"AMZN","Amazon.com, Inc.",175.40,173.00,160.59,246.71,79.286,96.22,7075590
"AEE","Ameren Corporatio",32.88,31.50,25.55,34.11,7.897,14.16,2235600
"AEP","American Electric",41.09,39.50,33.09,40.99,19.727,10.63,3806660
"AXP","American Express ",48.97,46.00,41.30,53.80,55.159,12.01,8263830
"AIG","American Internat",24.20,23.54,19.18,62.87,45.733,5.39,6829880
"AMT","American Tower Co",59.50,58.40,45.85,60.00,23.342,86.67,3238980
"AMP","Ameriprise Financ",50.42,47.55,36.00,65.12,11.175,11.21,2830010
"ABC","AmerisourceBergen",38.12,35.99,33.91,43.47,9.569,14.61,2588250
"AMGN","Amgen Inc.",63.30,61.68,47.66,63.27,55.345,15.15,8316600
"APH","Amphenol Corporat",46.39,42.62,38.98,59.11,7.301,14.09,1624050
"APC","Anadarko Petroleu",76.07,75.23,57.11,85.50,37.741,,4585410
"ADI","Analog Devices, I",35.33,33.87,29.23,43.28,10.464,12.55,3826470
"AON","Aon Corporation C",47.38,44.69,39.68,54.58,14.968,16.86,2917820
"APA","Apache Corporatio",89.80,89.35,73.04,134.13,34.423,8.60,3448430
"AIV","Apartment Investm",23.68,22.55,20.08,28.12,2.746,,2320050
"APOL","Apollo Group, Inc",69.45,0.00,34.43,54.23,6.810,12.84,1806820
"AAPL","Apple Inc.",397.90,397.39,310.50,426.70,368.5,14.30,17655800
"AMAT","Applied Materials",11.75,0.00,9.70,16.93,13.317,7.18,16607000
"ADM","Archer-Daniels-Mi",29.00,27.58,23.69,38.02,19.151,8.69,5048730
"AIZ","Assurant, Inc. Co",41.25,38.87,30.65,41.90,3.716,20.27,988908
"T","AT&T Inc.",29.37,28.31,27.20,31.94,173.6,14.77,29053800
"ADSK","Autodesk, Inc.",49.45,0.00,22.99,46.15,6.874,26.94,3647040
"ADP","Automatic Data Pr",53.97,52.82,44.72,55.12,26.219,20.87,3066100
"AN","AutoNation, Inc. ",37.59,34.84,27.32,41.55,5.147,19.37,1088780
"AZO","AutoZone, Inc. Co",333.50,317.51,246.26,343.90,12.988,15.89,340545
"AVB","AvalonBay Communi",132.79,125.34,107.54,139.91,12.259,78.65,902894
"AVY","Avery Dennison Co",28.49,26.87,23.52,43.52,2.968,10.57,1523390
"AVP","Avon Products, In",17.25,16.45,16.09,31.60,7.396,9.94,6357240
"BHI","Baker Hughes Inco",48.96,48.52,41.91,81.00,21.282,11.93,6767670
"BLL","Ball Corporation ",35.95,34.10,29.69,40.56,5.762,13.15,1483830
"BAC","Bank of America C",5.21,5.20,4.92,15.31,53.011,,271967008
"BK","Bank of New York ",24.97,17.26,17.10,32.50,23.707,9.06,11675300
"BCR","C.R. Bard, Inc. C",112.87,81.14,80.80,113.84,7.209,22.57,835491
"BAX","Baxter Internatio",50.52,47.60,47.55,62.50,27.894,12.96,4074870
"BBT","BB&T Corporation ",24.85,23.78,18.92,29.60,17.254,15.73,7175200
"BDX","Becton, Dickinson",75.51,71.60,69.59,89.75,15.822,13.00,1739510
"BBBY","Bed Bath & Beyond",61.51,58.25,44.79,63.83,14.747,17.53,2440420
"BMS","Bemis Company, In",30.46,28.72,27.21,34.40,3.044,14.90,947017
"BRK.B","BRK.B",,,,,,,0
"BBY","Best Buy Co., Inc",23.17,22.90,21.79,36.33,8.230,7.96,6844120
"BIG","Big Lots, Inc. Co",40.00,36.66,28.89,44.44,2.506,13.52,1447210
"BIIB","Biogen Idec Inc",0.00,109.33,64.28,120.66,27.083,23.06,1874850
"BLK","BlackRock, Inc. C",176.79,167.05,137.00,209.77,31.006,13.67,911416
"HRB","H&R Block, Inc. C",16.35,15.29,11.43,18.00,4.566,14.20,3272530
"BMC","BMC Software, Inc",35.18,32.88,32.71,56.55,5.617,14.09,2696870
"BA","Boeing Company (T",73.67,73.50,56.01,80.65,54.695,14.33,6038880
"BXP","Boston Properties",99.00,97.50,81.52,112.84,14.453,89.04,1302010
"BSX","Boston Scientific",5.32,5.07,5.01,7.96,7.719,13.59,21873700
"BMY","Bristol-Myers Squ",38.00,34.21,24.97,35.29,59.800,18.07,13063800
"BRCM","Broadcom Corporat",30.43,27.80,27.59,47.39,15.572,17.49,8657040
"BF.B","BF.B",,,,,,,0
"CHRW","C.H. Robinson Wor",70.10,66.06,62.30,82.61,11.244,26.55,1111040
"CA","CA Inc.",20.80,0.00,18.61,25.68,9.897,12.14,4000570
"CVC","Cablevision Syste",14.40,13.00,11.57,38.08,3.862,11.20,3513190
"COG","Cabot Oil & Gas C",78.12,75.25,36.29,90.00,8.083,56.29,2218550
"CAM","Cameron Internati",50.35,48.73,38.77,63.16,12.194,20.92,3333330
"CPB","Campbell Soup Com",33.75,32.01,29.69,35.66,10.642,13.67,2338510
"COF","Capital One Finan",43.67,41.56,35.94,56.26,19.129,5.59,5893870
"CAH","Cardinal Health, ",41.88,39.54,37.53,47.06,14.041,15.96,2833250
"CFN","CareFusion Corpor",25.39,23.93,22.01,29.97,5.534,20.61,1768390
"KMX","CarMax Inc",39.24,29.35,22.77,37.02,6.646,17.45,2823170
"CCL","Carnival Corporat",34.19,32.50,28.52,48.14,25.634,13.38,4855030
"CAT","Caterpillar, Inc.",94.27,91.76,67.54,116.55,59.250,14.02,9827830
"CBG","CBRE Group Inc Co",25.53,14.65,12.30,29.88,4.917,19.21,5722740
"CBS","CBS Corporation C",26.50,25.50,17.99,29.68,17.100,14.70,8916050
"CELG","Celgene Corporati",0.00,64.26,48.92,68.25,29.544,27.95,3612370
"CNP","CenterPoint Energ",19.88,18.94,15.09,21.47,8.416,6.14,4438410
"CTL","CenturyLink, Inc.",38.00,36.60,31.16,46.78,22.567,23.72,6665790
"CERN","Cerner Corporatio",70.00,58.01,46.03,74.39,10.108,36.30,1567700
"CF","CF Industries Hol",139.00,135.00,115.34,192.70,9.168,7.59,2307690
"SCHW","Charles Schwab Co",11.48,10.62,10.56,19.69,14.211,16.89,14264500
"CHK","Chesapeake Energy",25.03,21.21,22.00,35.95,14.704,11.48,12733600
"CVX","Chevron Corporati",105.69,92.50,86.68,110.01,210.0,7.68,10103600
"CB","Chubb Corporation",70.26,66.35,55.39,70.07,19.165,10.98,2428010
"CI","Cigna Corporation",43.91,41.18,36.16,52.95,11.406,7.67,3487810
"CINF","Cincinnati Financ",30.83,29.12,23.65,34.33,4.882,30.61,1693850
"CTAS","Cintas Corporatio",34.54,0.00,26.39,34.62,4.435,17.50,1272600
"CSCO","Cisco Systems, In",18.23,17.90,13.30,22.34,96.335,15.89,55419000
"C","Citigroup, Inc. N",26.65,25.83,21.40,51.50,76.309,6.92,60064700
"CTXS","Citrix Systems, I",0.00,56.84,50.21,88.49,10.903,35.23,2448370
"CLF","Cliffs Natural Re",74.39,62.38,47.31,102.48,9.118,4.93,4484540
"CLX","Clorox Company (T",65.80,64.94,60.56,75.44,8.640,18.86,1238900
"CME","CME Group Inc.",284.50,2.25,235.23,327.98,16.023,13.15,703106
"CMS","CMS Energy Corpor",22.00,20.87,16.96,21.75,5.481,14.08,3163240
"COH","Coach, Inc. Commo",60.83,59.22,45.70,69.20,17.472,19.42,3310970
"KO","Coca-Cola Company",69.71,62.35,61.29,71.77,158.0,12.58,9118490
"CCE","Coca-Cola Enterpr",26.67,21.68,23.03,29.99,8.122,11.78,3042720
"CTSH","Cognizant Technol",63.81,63.00,53.54,83.48,19.178,24.78,2938130
"CL","Colgate-Palmolive",93.22,71.07,74.86,94.89,45.249,18.39,2438530
"CMCSA","Comcast Corporati",26.00,22.72,19.19,27.16,64.279,16.83,19259500
"CMA","Comerica Incorpor",25.68,24.26,21.48,43.53,5.019,11.77,4175440
"CSC","Computer Sciences",26.36,24.55,22.80,56.61,3.980,,2317190
"CPWR","Compuware Corpora",8.75,7.28,6.97,12.25,1.784,16.97,1926470
"CAG","ConAgra Foods, In",26.60,25.25,22.20,26.60,10.968,14.89,4382570
"COP","ConocoPhillips Co",76.70,70.39,58.65,81.80,93.765,8.95,9105960
"CNX","CONSOL Energy Inc",42.50,35.86,30.56,56.32,8.191,15.29,3648000
"ED","Consolidated Edis",62.00,60.00,48.55,61.88,18.084,16.37,2041850
"STZ","Constellation Bra",20.89,19.40,16.42,23.19,4.130,6.35,2098900
"CEG","Constellation Ene",39.81,39.01,29.70,40.97,7.982,19.20,2500520
"GLW","Corning Incorpora",14.50,12.39,11.51,23.43,19.723,5.94,22615400
"COST","Costco Wholesale ",0.00,70.51,69.54,88.68,36.383,25.18,2667910
"CVH","Coventry Health C",31.77,28.03,25.78,37.86,4.458,7.59,1359190
"COV","Covidien plc. Ord",51.00,42.05,41.35,57.65,21.299,11.80,3841340
"CSX","CSX Corporation C",21.35,20.85,17.69,27.06,22.070,12.89,9775800
"CMI","Cummins Inc. Comm",88.37,87.71,79.53,121.49,16.802,10.54,3347690
"CVS","CVS Caremark Corp",44.45,40.30,31.30,40.59,52.664,15.88,10940700
"DHI","D.R. Horton, Inc.",12.97,11.60,8.03,13.50,4.039,54.04,7331320
"DHR","Danaher Corporati",48.10,46.45,39.34,56.09,32.354,16.01,3986340
"DRI","Darden Restaurant",44.70,43.96,40.69,53.81,5.892,13.02,2606940
"DVA","DaVita Inc. Commo",115.33,61.75,59.14,89.76,7.008,18.20,1205800
"DF","Dean Foods Compan",11.22,10.38,7.83,13.90,2.054,,2664340
"DE","Deere & Company C",79.50,76.81,59.92,99.80,31.237,11.56,4987600
"DELL","Dell Inc.",16.50,13.70,12.99,17.60,26.409,7.80,22746900
"DNR","Denbury Resources",16.50,13.68,10.20,26.03,6.153,11.54,6706900
"XRAY","DENTSPLY Internat",41.99,34.25,28.35,40.37,5.004,18.74,1464990
"DVN","Devon Energy Corp",62.75,60.18,50.74,93.56,25.223,5.43,3836090
"DV","DeVry Inc. Common",37.69,33.60,32.73,66.85,2.457,7.88,938828
"DO","Diamond Offshore ",56.99,55.75,51.16,81.19,7.790,7.63,1884420
"DTV","DIRECTV",44.27,42.76,39.41,53.40,30.333,13.43,6875970
"DFS","Discover Financia",24.62,23.75,18.05,27.92,13.285,6.45,6982810
"DISCA","Discovery Communi",41.75,36.82,34.75,45.81,15.930,16.91,1710770
"D","Dominion Resource",53.00,52.36,42.06,52.84,30.070,19.96,2890470
"RRD","R.R. Donnelley & ",19.51,0.00,12.90,21.34,2.723,12.52,3091850
"DOV","Dover Corporation",58.50,53.68,43.64,70.15,10.655,13.47,2012200
"DOW","Dow Chemical Comp",27.33,21.00,20.61,42.23,32.240,11.04,11592800
"DPS","Dr Pepper Snapple",39.44,37.92,33.68,43.13,8.429,15.96,1891750
"DTE","DTE Energy Compan",55.71,52.26,43.22,54.38,9.182,12.76,1207090
"DD","E.I. du Pont de N",46.37,44.95,37.10,57.00,41.743,12.22,8203120
"DUK","Duke Energy Corpo",21.79,21.50,16.87,21.69,28.854,15.48,14375100
"DNB","Dun & Bradstreet ",73.84,70.26,58.50,87.08,3.539,13.96,500909
"ETFC","E*TRADE Financial",9.10,7.59,7.42,18.13,2.245,15.46,7709420
"EMN","Eastman Chemical ",39.36,37.12,32.445,55.36,5.309,9.16,1943150
"ETN","Eaton Corporation",43.90,35.76,33.09,56.49,14.605,11.81,4072620
"EBAY","eBay Inc.",31.00,0.00,26.86,35.35,39.167,22.34,12145300
"ECL","Ecolab Inc. Commo",57.47,54.29,43.81,57.60,13.032,26.05,3210290
"EIX","Edison Internatio",40.97,38.26,32.64,41.57,13.251,13.54,2257120
"EW","Edwards Lifescien",70.60,45.51,61.59,91.82,7.989,35.42,1231390
"EP","El Paso Corporati",25.80,25.37,13.42,25.81,19.889,730.00,14154000
"EA","Electronic Arts I",20.30,18.30,14.80,26.13,,,7167220
"EMC","EMC Corporation C",23.95,21.00,19.84,28.73,43.920,22.33,22077300
"EMR","Emerson Electric ",48.37,40.60,39.50,62.24,34.558,15.17,5276730
"ETR","Entergy Corporati",73.84,71.67,57.60,74.50,12.814,9.09,1621420
"EOG","EOG Resources, In",98.18,88.34,66.81,121.44,26.396,25.12,3045670
"EQT","EQT Corporation C",62.75,55.80,43.18,73.10,8.339,17.76,1922610
"EFX","Equifax, Inc. Com",39.25,36.93,28.59,39.90,4.633,21.67,885283
"EQR","Equity Residentia",58.31,55.04,48.46,63.86,16.771,17.27,2546840
"EL","Estee Lauder Comp",112.41,107.27,79.13,120.73,21.320,27.76,1400860
"EXC","Exelon Corporatio",44.78,42.76,39.06,45.45,28.761,11.66,6223110
"EXPE","Expedia, Inc.",28.00,20.00,27.28,65.78,,,2315340
"EXPD","Expeditors Intern",41.85,0.00,38.25,56.19,8.504,22.36,1866060
"ESRX","Express Scripts, ",46.86,37.25,34.47,60.89,21.664,17.54,7800660
"XOM","Exxon Mobil Corpo",83.29,83.10,67.03,88.23,398.4,9.90,23071000
"FFIV","F5 Networks, Inc.",105.00,98.11,69.01,145.76,8.118,36.96,2098310
"FDO","Family Dollar Sto",59.00,58.11,41.31,60.53,6.845,18.58,1155690
"FAST","Fastenal Company",43.77,41.64,28.805,43.45,12.729,38.26,2568190
"FII","Federated Investo",19.07,14.40,14.36,28.57,1.510,9.42,2010250
"FDX","FedEx Corporation",84.56,83.80,64.07,98.66,26.620,15.24,3003150
"FIS","Fidelity National",26.51,25.04,22.53,33.76,7.804,17.26,2049410
"FITB","Fifth Third Banco",13.10,0.00,9.13,15.75,11.488,10.24,16137900
"FHN","First Horizon Nat",12.00,7.09,5.38,12.67,2.062,41.45,5353570
"FSLR","First Solar, Inc.",36.50,30.37,29.87,175.45,2.748,5.40,4529880
"FE","FirstEnergy Corpo",44.88,42.40,36.11,46.51,18.531,17.40,3084380
"FISV","Fiserv, Inc.",59.71,56.37,48.75,65.41,8.230,19.10,1155390
"FLIR","FLIR Systems, Inc",25.96,24.48,21.86,37.29,3.962,19.33,1285350
"FLS","Flowserve Corpora",102.00,80.00,66.84,135.72,5.583,13.64,630498
"FLR","Fluor Corporation",50.21,45.05,44.16,75.76,8.347,15.57,2432360
"FMC","FMC Corporation C",88.29,80.00,63.81,93.00,6.052,26.59,605889
"FTI","FMC Technologies,",55.71,51.40,34.46,54.88,12.307,31.14,2785810
"F","Ford Motor Compan",10.91,10.41,9.05,18.97,40.509,6.20,62561800
"FRX","Forest Laboratori",37.77,28.69,28.47,40.52,7.948,7.29,2544080
"BEAM","Beam Inc. Common ",54.00,46.08,42.30,65.48,7.810,8.61,915598
"BEN","Franklin Resource",110.00,92.07,87.71,137.56,20.488,11.05,1664330
"FCX","Freeport-McMoRan ",39.20,37.56,28.85,61.345,35.784,6.57,23474200
"FTR","Frontier Communic",5.30,4.73,4.79,9.84,5.085,30.84,14360600
"GME","Gamestop Corporat",23.90,22.00,18.34,28.66,3.211,8.42,3531960
"GCI","Gannett Co., Inc.",13.33,12.09,8.28,18.93,3.162,6.20,4944980
"GPS","Gap, Inc. (The) C",18.54,17.73,15.08,23.73,9.039,10.59,5971150
"GD","General Dynamics ",66.77,62.47,53.95,78.27,23.069,9.12,2086380
"GE","General Electric ",17.79,15.38,14.02,21.65,186.8,13.22,69513504
"GIS","General Mills, In",45.00,38.48,34.54,40.72,25.841,15.05,4540500
"GPC","Genuine Parts Com",60.86,57.26,46.10,60.96,9.335,17.07,1038720
"GNW","Genworth Financia",6.10,5.94,4.80,14.77,2.946,,10723800
"GILD","Gilead Sciences, ",0.00,37.41,34.45,43.49,29.182,11.15,8836940
"GS","Goldman Sachs Gro",94.65,91.90,84.27,175.34,45.293,13.84,8170790
"GR","Goodrich Corporat",124.00,122.00,79.71,123.54,15.426,21.82,3282860
"GT","Goodyear Tire & R",13.86,12.90,8.53,18.83,3.382,25.34,5991710
"GOOG","Google Inc.",633.97,563.65,473.02,642.96,202.7,21.49,3170510
"GWW","W.W. Grainger, In",191.41,183.41,124.33,191.84,13.075,21.07,565198
"HAL","Halliburton Compa",33.77,33.04,27.21,57.77,31.037,12.04,20287500
"HOG","Harley-Davidson, ",38.11,28.87,31.50,46.88,8.802,19.85,2409130
"HAR","Harman Internatio",38.29,35.00,25.53,52.54,2.574,16.76,885738
"HRS","Harris Corporatio",36.76,35.45,32.68,53.39,4.105,8.10,1146050
"HIG","Hartford Financia",16.49,14.60,14.56,31.08,7.248,6.89,9232040
"HAS","Hasbro, Inc.",33.30,31.72,31.36,49.63,4.278,11.80,1774150
"HCP","HCP, Inc. Common ",40.67,38.41,28.76,40.87,16.332,17.04,3605580
"HCN","Health Care REIT,",53.97,50.99,41.03,55.21,9.439,49.95,2378770
"HNZ","H.J. Heinz Compan",53.95,23.04,46.99,55.00,17.222,17.92,2158740
"HP","Helmerich & Payne",63.00,55.08,35.58,73.40,6.184,14.57,1915320
"HES","Hess Corporation ",71.79,55.83,46.66,87.40,18.990,9.90,4135930
"HPQ","Hewlett-Packard C",25.61,25.01,21.50,49.39,50.600,7.80,23155200
"HD","Home Depot, Inc. ",42.10,41.78,28.13,42.05,64.746,18.08,11995800
"HON","Honeywell Interna",54.99,48.78,41.22,62.28,41.916,15.71,5155850
"HRL","Hormel Foods Corp",30.60,26.90,24.515,30.50,7.754,16.62,1059570
"HSP","Hospira Inc",29.79,28.09,26.92,59.20,4.823,18.59,2546480
"HST","Host Hotels & Res",14.94,13.37,9.78,19.88,10.099,,9472700
"HCBK","Hudson City Banco",9.99,5.85,5.09,13.26,3.066,,5857170
"HUM","Humana Inc. Commo",91.28,81.96,54.35,90.76,14.377,11.02,1766310
"HBAN","Huntington Bancsh",6.46,4.56,4.46,7.70,4.675,10.35,15674100
"ITW","Illinois Tool Wor",47.85,42.55,39.12,59.27,22.565,11.86,3990040
"TEG","Integrys Energy G",53.15,51.46,42.76,54.02,4.145,16.05,584934
"INTC","Intel Corporation",23.73,22.53,19.16,25.78,120.6,10.32,63217300
"ICE","IntercontinentalE",120.49,113.69,102.57,135.38,8.613,18.42,736300
"IBM","International Bus",181.90,180.59,145.00,194.90,213.9,14.76,5866260
"IFF","Internationa Flav",54.03,50.82,51.20,66.29,4.220,14.35,956803
"IGT","International Gam",21.65,15.68,13.38,19.15,4.771,16.89,4070210
"IP","International Pap",29.00,27.80,21.55,33.01,12.548,8.90,5514850
"IPG","Interpublic Group",10.05,8.54,6.73,13.35,4.340,10.96,7974830
"INTU","Intuit Inc.",54.51,51.48,39.87,56.46,15.775,26.28,2375330
"ISRG","Intuitive Surgica",0.00,400.05,255.02,449.06,17.186,38.32,359027
"IVZ","Invesco Plc New C",20.51,18.88,14.52,27.50,8.867,13.01,6044910
"IRM","Iron Mountain Inc",31.46,29.67,24.28,35.79,5.687,15.54,2061140
"XYL","Xylem Inc. Common",26.82,24.00,22.67,28.28,4.599,13.85,1647910
"JBL","Jabil Circuit, In",19.48,2.04,13.94,23.09,4.039,11.53,4535090
"JEC","Jacobs Engineerin",41.75,24.74,30.74,55.73,5.139,15.48,1613070
"CBE","Cooper Industries",54.12,51.37,41.15,70.00,8.454,10.98,1970580
"JDSU","JDS Uniphase Corp",11.50,0.00,8.59,29.12,2.246,35.38,6693070
"JNJ","Johnson & Johnson",65.36,61.53,57.50,68.05,177.5,15.74,11716000
"JCI","Johnson Controls,",29.88,25.74,24.29,42.92,20.330,12.50,5827700
"JOY","Joy Global Inc. C",79.55,74.65,57.48,103.44,7.948,13.40,2324240
"JPM","JP Morgan Chase &",33.00,29.55,27.85,48.36,122.7,6.86,46486700
"JNPR","Juniper Networks,",20.34,17.38,16.67,45.01,10.231,20.80,10742000
"K","Kellogg Company C",51.76,48.40,48.10,57.70,17.958,15.24,2306140
"KEY","KeyCorp Common St",7.58,6.93,5.59,9.77,7.185,7.53,15855200
"KMB","Kimberly-Clark Co",74.00,71.00,61.00,73.23,28.789,17.34,2794640
"KIM","Kimco Realty Corp",16.87,16.01,13.55,20.31,6.715,65.24,4274560
"KLAC","KLA-Tencor Corpor",48.17,46.01,33.20,51.83,7.818,9.80,3462770
"KSS","Kohl's Corporatio",50.50,48.00,42.14,57.39,12.527,11.54,4710520
"KFT","Kraft Foods Inc. ",37.50,34.86,30.21,37.53,65.988,20.14,9112740
"KR","Kroger Company (T",25.45,24.48,21.09,25.85,14.070,12.37,5508170
"LLL","L-3 Communication",67.47,63.00,58.30,88.55,6.592,7.54,873794
"LH","Laboratory Corpor",90.00,75.00,74.57,100.94,8.393,16.85,941800
"LM","Legg Mason, Inc. ",25.01,22.89,22.61,37.82,3.362,14.60,2436520
"LEG","Leggett & Platt, ",24.09,20.90,17.80,26.95,3.200,19.09,1778970
"LEN","Lennar Corporatio",20.50,19.91,12.14,21.54,3.736,39.76,6168230
"LUK","Leucadia National",22.85,21.00,20.19,39.14,5.515,3.51,1634230
"LXK","Lexmark Internati",33.20,29.59,25.87,40.54,2.453,7.78,1515610
"LIFE","Life Technologies",40.20,37.50,35.30,57.25,7.039,20.91,2054910
"LLY","Eli Lilly and Com",46.24,19.22,33.46,41.57,46.301,9.83,8779600
"LTD","Limited Brands, I",44.00,38.37,28.05,45.45,11.632,13.25,3427770
"LNC","Lincoln National ",23.46,1.00,13.75,32.68,5.641,5.95,7294470
"LLTC","Linear Technology",31.15,28.64,25.41,36.14,6.737,12.52,3107470
"LMT","Lockheed Martin C",79.99,75.00,66.36,82.43,25.585,9.18,2595460
"L","Loews Corporation",38.59,36.44,32.90,45.31,14.966,12.19,1963340
"LO","Lorillard, Inc Co",114.04,111.51,72.40,120.00,15.189,14.96,1682160
"LOW","Lowe's Companies,",25.98,22.50,18.07,27.45,32.516,18.84,17171800
"LSI","LSI Corporation C",6.00,5.69,4.75,7.74,3.246,10.99,8985530
"MTB","M&T Bank Corporat",77.22,72.66,66.40,91.05,9.526,10.86,1182010
"M","Macy's Inc Common",33.85,32.02,21.69,33.26,13.451,11.67,8474610
"MRO","Marathon Oil Corp",28.37,28.02,19.13,54.33,19.803,6.33,7728940
"MAR","Marriot Internati",29.25,28.25,25.49,42.78,9.715,47.09,4267370
"MMC","Marsh & McLennan ",31.97,30.17,25.29,31.93,16.742,18.38,3447240
"ACN","Accenture plc. Cl",54.86,51.90,47.40,63.66,33.359,15.97,4242710
"MAS","Masco Corporation",10.29,9.56,6.60,15.03,3.585,,5569630
"ANR","Alpha Natural Res",20.18,19.90,15.49,68.05,4.492,40.82,10163000
"MA","Mastercard Incorp",375.00,372.51,216.74,384.99,47.490,21.01,1138340
"MAT","Mattel, Inc.",28.97,0.00,22.70,29.40,9.479,13.74,3529130
"MKC","McCormick & Compa",51.37,48.50,43.36,51.26,6.660,17.70,714534
"MCD","McDonald's Corpor",99.54,99.22,72.14,99.50,101.5,19.38,6171960
"MHP","McGraw-Hill Compa",44.58,42.04,34.95,46.99,12.810,15.75,2142080
"MCK","McKesson Corporat",80.19,76.01,66.61,87.32,19.114,17.33,1784490
"MJN","Mead Johnson Nutr",79.29,72.74,55.12,76.91,15.569,29.29,1254230
"MWV","Meadwestvaco Corp",30.00,28.36,22.75,34.51,5.023,15.93,1351270
"MHS","MedcoHealth Solut",56.72,55.63,44.60,66.38,21.532,16.16,3379950
"MDT","Medtronic Inc. Co",37.00,35.27,30.18,43.33,38.910,11.41,6427500
"WFR","MEMC Electronic M",3.90,3.79,3.65,15.04,0.8735,,8556440
"MRK","Merck & Company, ",37.48,37.32,29.47,37.65,113.8,27.10,17999000
"MET","MetLife, Inc. Com",56.94,27.70,25.61,48.72,32.163,5.65,12201300
"PCS","MetroPCS Communic",8.54,8.30,7.51,18.79,3.014,13.55,4962200
"MCHP","Microchip Technol",36.38,32.30,29.30,41.50,6.776,17.73,2438070
"MU","Micron Technology",5.54,5.45,3.97,11.95,5.471,34.06,33813400
"MSFT","Microsoft Corpora",26.18,24.75,23.65,29.46,216.7,9.46,55583200
"MOLX","Molex Incorporate",24.24,22.23,18.50,28.51,4.089,13.46,1156990
"TAP","Molson Coors Brew",43.95,41.69,37.99,51.11,7.860,13.17,1276220
"MON","Monsanto Company ",80.00,68.44,58.89,78.71,37.864,23.71,4583560
"MWW","Monster Worldwide",7.86,7.15,6.34,25.90,0.9625,22.84,4008200
"MCO","Moody's Corporati",34.20,32.29,26.10,41.93,7.490,12.73,2633910
"MS","Morgan Stanley Co",14.95,14.81,11.58,31.04,28.738,9.70,38046100
"MOS","Mosaic Company (T",63.22,47.00,44.86,89.24,22.314,8.16,7468590
"MMI","Motorola Mobility",39.15,38.55,20.77,39.20,11.575,,3593830
"MSI","Motorola Solution",46.98,43.76,36.3685,47.91,15.105,12.57,2595980
"MUR","Murphy Oil Corpor",56.33,54.35,40.41,78.16,10.586,8.89,1965460
"MYL","Mylan Inc.",22.00,19.20,15.49,25.46,9.063,22.38,6646600
"NBR","Nabors Industries",17.90,17.20,11.05,32.47,5.127,12.80,8561480
"NDAQ","The NASDAQ OMX Gr",24.56,23.55,20.32,29.71,4.318,10.18,2378270
"NOV","National Oilwell ",67.98,65.27,47.97,86.71,28.542,15.31,5438080
"NTAP","NetApp, Inc.",36.10,34.40,33.00,61.02,12.630,22.02,7266470
"NFLX","Netflix, Inc.",72.40,70.89,62.37,304.79,3.726,16.23,9066510
"NWL","Newell Rubbermaid",16.00,14.92,10.87,20.38,4.571,37.86,3934220
"NFX","Newfield Explorat",38.26,34.00,34.42,77.93,4.910,10.29,3007780
"NEM","Newmont Mining Co",64.00,62.65,50.05,72.42,31.114,14.26,6574080
"NWSA","News Corporation",17.44,17.28,13.38,18.35,43.859,16.85,21922500
"NEE","NextEra Energy, I",59.95,59.43,49.00,59.92,25.217,16.14,2210710
"GAS","AGL Resources, In",43.00,35.11,34.08,43.69,3.291,16.14,1000000
"NKE","Nike, Inc. Common",96.95,96.56,69.43,98.25,44.674,20.33,2890920
"NI","NiSource Inc Comm",26.94,22.55,17.40,23.23,6.525,21.01,3570660
"NE","Noble Corporation",31.98,31.55,27.33,46.72,7.977,23.59,4632510
"NBL","Noble Energy Inc.",96.65,87.00,65.91,101.27,16.737,20.92,1757860
"JWN","Nordstrom, Inc. C",51.70,49.00,37.28,53.35,10.373,15.85,2892320
"NSC","Norfolk Southern ",72.00,71.02,57.57,78.40,24.058,13.84,2893600
"NTRS","Northern Trust Co",40.00,38.07,33.20,56.86,9.548,15.35,2369280
"NOC","Northrop Grumman ",57.10,55.08,49.20,72.50,14.919,8.45,2336570
"NU","Northeast Utiliti",35.50,32.00,30.02,36.47,6.226,15.08,2006850
"CMG","Chipotle Mexican ",345.00,308.07,212.58,347.94,10.455,51.67,754891
"NVLS","Novellus Systems,",41.15,31.00,25.95,42.50,2.715,11.42,2398430
"NRG","NRG Energy, Inc. ",19.24,17.06,17.47,25.66,4.287,16.25,2891780
"NUE","Nucor Corporation",40.40,38.78,29.82,49.24,12.529,20.09,4011500
"NVDA","NVIDIA Corporatio",15.60,13.50,11.47,26.17,8.378,13.31,17956000
"NYX","NYSE Euronext Com",26.61,25.53,21.80,41.60,6.804,10.66,3015170
"ORLY","O'Reilly Automoti",83.60,80.50,53.33,81.83,10.357,23.41,1090050
"OXY","Occidental Petrol",93.59,92.56,66.36,117.89,75.586,11.81,5389250
"OMC","Omnicom Group Inc",43.48,40.87,35.27,51.25,11.774,13.29,2250620
"OKE","ONEOK, Inc. Commo",86.00,82.02,54.53,85.66,8.814,27.82,880584
"ORCL","Oracle Corporatio",26.05,25.00,24.72,36.50,130.0,16.59,32642800
"OI","Owens-Illinois, I",18.86,17.62,13.43,33.32,3.032,,2341320
"PCAR","PACCAR Inc.",38.40,32.12,31.57,58.75,13.272,15.48,3305590
"IR","Ingersoll-Rand pl",32.96,29.83,25.86,52.33,9.652,34.89,5354500
"PLL","Pall Corporation ",57.29,53.16,39.81,59.50,6.599,21.52,1378700
"PH","Parker-Hannifin C",77.55,73.03,59.26,99.40,11.485,11.31,2065100
"PDCO","Patterson Compani",34.28,27.93,26.19,36.93,3.219,15.73,1007680
"PAYX","Paychex, Inc.",31.29,27.50,25.12,33.91,10.676,20.57,3539650
"BTU","Peabody Energy Co",40.50,33.90,30.60,73.95,9.183,9.58,6312020
"JCP","J.C. Penney Compa",34.94,29.50,23.44,41.00,7.391,36.55,4424840
"PBCT","People's United F",12.98,0.00,10.50,14.49,4.350,23.07,5588140
"POM","PEPCO Holdings In",20.50,19.43,16.57,20.36,4.564,16.41,1977650
"PEP","Pepsico, Inc. Com",66.25,65.39,58.50,71.89,103.2,16.43,7860170
"PKI","PerkinElmer, Inc.",19.65,18.64,17.45,28.75,2.187,5.92,1507960
"PFE","Pfizer, Inc. Comm",21.73,21.60,16.63,21.73,166.7,14.90,47518100
"PCG","Pacific Gas & Ele",42.00,37.92,36.84,48.54,16.547,15.94,3713020
"PM","Philip Morris Int",78.49,74.65,55.85,78.29,135.8,16.27,7312290
"PNW","Pinnacle West Cap",49.00,46.23,37.28,47.94,5.219,15.57,1076380
"PXD","Pioneer Natural R",142.00,79.37,58.63,106.07,10.225,10.11,2062360
"PBI","Pitney Bowes Inc.",18.65,18.27,17.33,26.36,3.653,8.80,3119230
"PCL","Plum Creek Timber",36.72,34.67,33.02,44.28,5.819,30.59,1535340
"PNC","PNC Financial Ser",57.58,54.80,42.70,65.19,29.925,8.92,5012960
"RL","Ralph Lauren Corp",139.00,135.11,102.33,164.55,12.395,20.27,1235580
"PPG","PPG Industries, I",82.30,81.75,66.43,97.81,12.687,12.04,1344930
"PPL","PP&L Corporation ",33.97,28.20,24.10,30.27,17.008,10.89,4397350
"PX","Praxair, Inc. Com",108.15,54.50,88.64,111.74,31.520,23.50,1803980
"PCP","Precision Castpar",168.65,163.36,136.00,178.98,23.555,21.25,1030520
"PCLN","priceline.com Inc",475.00,472.00,399.18,561.88,23.514,25.43,1306330
"PFG","Principal Financi",25.31,23.31,20.48,35.00,7.495,10.91,3701200
"PG","Procter & Gamble ",66.18,65.86,57.56,67.72,181.6,16.71,9592180
"PGN","Progress Energy, ",56.00,54.90,42.05,55.13,16.222,20.79,1652430
"PGR","Progressive Corpo",19.37,18.57,16.88,22.08,11.773,11.58,5551870
"PLD","ProLogis, Inc. Co",28.90,25.64,21.74,37.46,12.950,,3803520
"PRU","Prudential Financ",50.05,44.08,42.45,67.52,23.284,7.67,5574760
"PEG","Public Service En",31.95,31.50,27.97,35.48,16.022,11.16,3384540
"PSA","Public Storage Co",132.00,128.80,99.93,132.20,22.499,43.05,1011870
"PHM","PulteGroup, Inc. ",6.31,6.16,3.29,8.69,2.415,,12258900
"QEP","QEP Resources, In",30.46,27.92,23.56,45.20,5.174,15.60,2016940
"PWR","Quanta Services, ",22.53,20.09,15.37,24.18,4.434,45.97,2552270
"QCOM","QUALCOMM Incorpor",56.10,52.66,45.98,59.84,89.916,21.51,15969700
"DGX","Quest Diagnostics",59.60,56.22,45.13,61.21,9.171,21.14,1545320
"RSH","Radioshack Corpor",15.94,9.30,9.15,18.90,0.9295,8.49,2804970
"RRC","Range Resources C",63.94,55.68,44.20,77.24,9.877,,2750220
"RTN","Raytheon Company ",47.49,38.76,38.35,53.12,16.301,9.61,2717390
"RHT","Red Hat, Inc. Com",43.97,38.00,31.77,53.42,7.694,62.71,2846500
"RF","Regions Financial",4.25,4.18,2.82,8.09,5.312,23.56,26914000
"RSG","Republic Services",27.59,26.06,24.72,33.10,9.981,18.68,3043220
"RAI","Reynolds American",41.80,40.60,31.54,42.18,24.185,18.07,3110440
"RHI","Robert Half Inter",28.46,26.17,19.69,34.26,3.953,30.15,1805520
"ROK","Rockwell Automati",74.93,72.46,50.36,98.19,10.282,15.60,1476920
"COL","Rockwell Collins,",55.99,53.21,43.82,67.29,8.332,13.58,1477830
"ROP","Roper Industries,",88.40,82.94,64.90,88.76,8.307,20.62,612330
"ROST","Ross Stores, Inc.",0.00,45.54,30.075,48.15,10.931,17.71,2266240
"RDC","Rowan Companies, ",31.23,29.34,28.13,44.83,3.872,5.19,2703410
"R","Ryder System, Inc",67.00,50.40,34.28,60.38,2.699,16.93,712288
"SWY","Safeway Inc. Comm",21.24,20.15,15.93,25.43,7.158,13.87,6411610
"SAI","SAIC Inc Common S",12.38,11.90,11.06,17.65,4.221,12.49,2344600
"CRM","Salesforce.com In",125.13,94.25,94.09,160.12,13.468,6954.67,3176580
"SNDK","SanDisk Corporati",50.80,43.61,32.24,53.61,11.568,9.92,6996360
"SLE","Sara Lee Corporat",18.98,18.30,15.66,20.26,11.071,12.98,4607740
"SCG","SCANA Corporation",45.26,42.67,34.64,44.36,5.745,14.72,759770
"SLB","Schlumberger N.V.",67.88,67.65,54.79,95.64,90.875,20.16,11509600
"SNI","Scripps Networks ",45.35,38.98,33.82,53.66,6.843,17.52,1210890
"SEE","Sealed Air Corpor",16.87,16.61,15.05,28.77,3.216,12.25,2663350
"SHLD","Sears Holdings Co",48.95,4.67,43.99,94.79,4.797,,753891
"SRE","Sempra Energy Com",55.50,52.20,44.78,55.97,13.014,9.57,1285050
"SHW","Sherwin-Williams ",89.74,85.07,69.47,87.87,9.074,18.71,1254270
"SIAL","Sigma-Aldrich Cor",66.48,59.01,56.18,76.16,7.642,18.06,793909
"SPG","Simon Property Gr",128.00,125.01,95.29,131.21,37.500,42.61,2054880
"SLM","SLM Corporation",22.22,0.00,10.91,17.11,6.873,12.96,5973460
"SJM","J.M. Smucker Comp",79.77,76.61,61.16,80.25,8.923,19.46,718975
"SNA","Snap-On Incorpora",52.00,48.94,41.74,64.36,3.018,11.55,444528
"SO","Southern Company ",47.51,45.02,35.73,45.93,39.528,18.58,5357880
"LUV","Southwest Airline",8.88,8.11,7.15,13.59,6.516,43.27,9339070
"SWN","Southwestern Ener",33.85,31.14,30.94,49.25,11.373,18.26,4590830
"SE","Spectra Energy Co",30.71,29.20,22.80,30.53,19.836,16.08,4303280
"S","Sprint  Nextel Co",2.43,2.10,2.10,6.45,6.980,,59484900
"STJ","St. Jude Medical,",34.42,32.00,32.13,54.18,10.740,11.84,4553980
"SWK","Stanley Black & D",68.00,66.00,47.07,78.19,11.408,17.46,1767690
"SPLS","Staples, Inc.",15.30,0.00,11.94,23.75,9.834,10.31,9563600
"SBUX","Starbucks Corpora",45.28,41.75,30.75,45.45,33.722,27.81,6827660
"HOT","Starwood Hotels &",50.00,44.92,35.78,65.51,8.909,13.72,3391510
"STT","State Street Corp",50.10,39.24,29.86,50.26,19.983,12.69,5419070
"SRCL","Stericycle, Inc.",0.00,74.59,73.05,95.71,6.672,31.10,489853
"SYK","Stryker Corporati",48.84,46.31,43.73,65.21,18.598,15.17,2258450
"SUN","Sunoco, Inc. Comm",40.50,38.25,27.76,46.98,4.244,,2334930
"STI","SunTrust Banks, I",17.51,16.15,15.79,33.14,9.016,16.02,8188620
"SVU","SuperValu Inc. Co",14.22,7.64,6.26,11.77,1.696,58.20,5658130
"SYMC","Symantec Corporat",15.36,0.00,14.94,20.50,11.168,17.78,8145890
"SYY","Sysco Corporation",29.64,28.23,25.09,32.76,17.036,14.83,4019620
"TROW","T. Rowe Price Gro",57.35,48.87,44.68,71.29,14.289,19.34,2784720
"TGT","Target Corporatio",54.40,47.50,45.28,60.97,34.735,12.05,6383310
"TEL","TE Connectivity L",32.35,7.30,26.58,38.59,12.988,11.06,4860830
"TE","TECO Energy, Inc.",19.59,18.48,15.82,19.66,4.046,14.60,2065050
"TLAB","Tellabs, Inc.",5.50,0.00,3.67,7.31,1.394,,5623940
"THC","Tenet Healthcare ",5.20,4.82,3.46,7.70,2.120,11.25,9911130
"TDC","Teradata Corporat",47.94,47.36,41.07,62.71,7.985,25.49,1998920
"TER","Teradyne, Inc. Co",13.48,13.34,10.37,19.19,2.470,10.28,4252090
"TSO","Tesoro Corporatio",28.35,23.02,17.43,29.61,3.290,4.75,5135630
"TXN","Texas Instruments",28.61,24.89,24.34,36.71,32.634,12.25,12703400
"TXT","Textron Inc. Comm",18.68,17.62,14.66,28.87,5.099,17.95,5551080
"HSY","The Hershey Compa",61.11,60.52,46.24,60.96,13.647,22.04,1352220
"TRV","The Travelers Com",59.97,58.90,45.97,64.17,24.391,14.88,4591290
"TMO","Thermo Fisher Sci",46.02,43.42,43.06,65.86,16.894,13.11,3972130
"TIF","Tiffany & Co. Com",66.60,49.71,54.58,84.49,8.208,18.44,2626260
"TWX","Time Warner Inc. ",35.49,33.65,27.62,38.62,35.031,13.18,7959120
"TWC","Time Warner Cable",63.67,61.06,57.15,80.86,20.123,14.41,2699220
"TIE","Titanium Metals C",15.25,14.07,13.28,20.69,2.642,24.72,2121300
"TJX","TJX Companies, In",64.00,63.29,42.55,63.89,23.948,18.14,2952440
"TMK","Torchmark Corpora",42.76,39.23,32.77,45.3733,4.344,8.91,1519050
"TSS","Total System Serv",20.11,19.50,15.10,20.50,3.945,18.45,1656860
"TSN","Tyson Foods, Inc.",21.00,20.60,15.60,20.88,7.721,10.36,3711200
"TYC","Tyco Internationa",47.52,14.75,37.39,53.38,21.394,12.84,3631580
"USB","U.S. Bancorp Comm",26.81,20.27,20.10,28.94,51.164,11.73,15894800
"UNP","Union Pacific Cor",103.25,80.01,77.73,107.89,49.766,16.08,3130930
"UNH","UnitedHealth Grou",59.55,48.00,35.38,53.50,53.291,11.06,7762450
"UPS","United Parcel Ser",75.15,71.51,60.74,77.00,69.933,17.61,4860600
"X","United States Ste",25.17,25.00,18.85,64.03,3.616,,13594000
"UTX","United Technologi",75.14,73.37,66.87,91.83,66.706,13.96,5119230
"UNM","Unum Group Common",21.76,20.01,19.72,27.16,6.102,7.13,3572760
"URBN","Urban Outfitters,",27.68,26.30,21.47,39.26,3.902,19.97,3670930
"VFC","V.F. Corporation ",130.87,128.01,80.40,142.50,14.167,20.85,1129570
"VLO","Valero Energy Cor",21.11,20.90,16.40,31.12,11.771,7.41,11412500
"VAR","Varian Medical Sy",100.37,63.05,48.72,72.19,7.340,19.36,1300780
"VTR","Ventas, Inc. Comm",54.53,51.97,43.25,57.45,15.502,42.71,2083150
"VRSN","VeriSign, Inc.",39.45,0.00,27.00,37.73,5.675,117.39,1930770
"VZ","Verizon Communica",39.42,39.22,32.28,39.49,111.1,15.77,15545500
"VIA.B","VIA.B",,,,,,,0
"V","Visa Inc. Visa In",101.15,100.30,67.51,101.50,81.880,22.55,4527400
"VNO","Vornado Realty Tr",78.13,73.48,68.39,98.77,14.027,18.33,1515020
"VMC","Vulcan Materials ",40.00,30.66,25.06,47.18,5.025,,1893510
"WMT","Wal-Mart Stores, ",59.50,59.25,48.31,59.66,203.4,12.53,11588200
"WAG","Walgreen Co. Comm",33.50,33.23,30.34,47.11,29.676,11.39,8958680
"DIS","Walt Disney Compa",37.36,31.44,28.19,44.34,65.160,14.35,12701600
"WPO","Washington Post C",365.44,285.01,308.50,455.68,2.821,21.87,36375
"WM","Waste Management,",32.06,31.90,27.75,39.69,14.758,15.52,5108960
"WAT","Waters Corporatio",75.62,71.58,70.88,100.00,6.607,16.35,939734
"WPI","Watson Pharmaceut",62.49,61.01,50.47,73.35,7.843,42.08,1375760
"WLP","WellPoint, Inc. C",66.19,64.50,56.55,81.92,22.847,8.61,2897760
"WFC","Wells Fargo & Com",26.94,26.90,22.58,34.25,141.8,9.81,39091600
"WDC","Western Digital C",32.16,30.54,22.64,41.87,7.341,9.78,5492800
"WU","Western Union Com",18.56,17.95,14.55,22.03,11.231,12.26,6440100
"WY","Weyerhaeuser Comp",18.00,17.80,14.82,25.33,9.640,21.38,6172970
"WHR","Whirlpool Corpora",50.35,47.01,45.22,92.28,3.756,10.59,1941170
"WFM","Whole Foods Marke",72.00,54.00,47.83,74.45,12.287,35.60,1824040
"WMB","Williams Companie",33.00,30.56,21.90,33.47,18.867,19.04,8981740
"WIN","Windstream Corpor",12.10,11.00,10.76,14.27,6.118,22.80,8106660
"WEC","Wisconsin Energy ",35.29,33.34,27.00,34.55,7.990,15.04,1743370
"WYN","Wyndham Worldwide",36.75,35.02,24.76,36.60,5.599,14.19,2523030
"WYNN","Wynn Resorts, Lim",109.20,102.64,100.51,172.58,13.404,25.11,3753680
"XEL","Xcel Energy Inc. ",28.08,27.01,21.20,27.44,13.307,15.78,2711170
"XRX","Xerox Corporation",8.25,7.92,6.55,11.79,11.180,10.82,13097400
"XLNX","Xilinx, Inc.",32.47,0.00,26.55,37.37,8.378,14.55,4767580
"XL","XL Group plc",20.68,18.47,17.69,25.43,6.276,27.26,4130390
"YHOO","Yahoo! Inc.",16.12,0.00,11.09,18.84,19.832,18.49,28235600
"YUM","Yum! Brands, Inc.",59.00,58.31,46.27,59.17,26.911,22.88,4254670
"ZMH","Zimmer Holdings, ",53.64,51.45,47.00,69.93,9.287,15.33,2231360
"ZION","Zions Bancorporat",0.00,13.65,13.18,25.60,2.877,,4099460
